{"cameraMode":{"drawMode":0,"name":"Shaded","section":"Shading Mode"},"sceneLighting":true,"audioPlay":false,"sceneViewState":{"m_AlwaysRefresh":false,"showFog":true,"showSkybox":true,"showFlares":true,"showImageEffects":true,"showParticleSystems":true,"showVisualEffectGraphs":true,"m_FxEnabled":true},"in2DMode":false,"pivot":{"x":-12.84000015258789,"y":3.359999656677246,"z":0.009999990463256836},"rotation":{"x":-0.07853054255247116,"y":0.7437500953674316,"z":-0.08878276497125626,"w":-0.6578649878501892},"size":24.92473030090332,"orthographic":false}